paragraph_id,title,target,old_ids,disposition,record_status,source,target_payload_sha256,one_lesson_status
3.1.1,Belastingen: wig en nieuw evenwicht,7,3.1.1,retain,candidate_review_ready,books/book-3/chapters/3.1/3.1.1 manuscript.md,db460460b3aff6a7e624aa914d87ddad0e01a5e88cb1b972bb7b398eef47709a,designed_not_classroom_measured
3.1.2,Belastingdruk en welvaartsverlies,16,3.1.2,retain,candidate_review_ready,books/book-3/chapters/3.1/3.1.2 manuscript.md,6a472fe2f04729f8144eb155f518135bd231c85e9e2497eda3bc9d12b37ba2c8,open_existing_timing_conflict
3.1.3,Subsidies,25,3.1.3,retain,candidate_review_ready,books/book-3/chapters/3.1/3.1.3 manuscript.md,8900295d62dacd8d49782db413829725c1d2307c654f3b73a4d613fb4b62fe3f,open_existing_timing_conflict
3.1.4,Maximumprijs,34,3.1.4,retain,candidate_review_ready,books/book-3/chapters/3.1/3.1.4 manuscript.md,3a9b652257ea6b62277ce0865ca6b54db6706154b45ebafa9755251c0b741171,designed_not_classroom_measured
3.1.5,Minimumprijs en quota,43,3.1.5,retain,candidate_review_ready,books/book-3/chapters/3.1/3.1.5 manuscript.md,127bdf1d611cb2ab6e985f597c940edfb7a62aea6e50613095fe5996c177353a,open_existing_timing_conflict
3.1.6,Gemengde opgaven: overheidsingrijpen,48,3.1.6,retain,candidate_review_ready,books/book-3/chapters/3.1/3.1.6 manuscript.md,52606f64c769b799413136344e50f64289949745483016c0a6a41ec9e24baab0,designed_not_classroom_measured
3.2.1,Volkomen concurrentie: kenmerken,7,3.2.1,retain,candidate_review_ready,books/book-3/chapters/3.2/3.2.1 manuscript.md,75f8460cf59bdbf46add8be4afb475d8ee1196aa219a6b97d6f2ed6daecef533,designed_not_classroom_measured
3.2.2,Marginale kosten en de afgeleide,17,3.2.2,split,candidate_review_ready,books/book-3/chapters/3.2/3.2.2 manuscript.md,1748b6c695cad66d83825d719f3a9a062902653370ab37af53916e855802341d,designed_not_classroom_measured
3.2.3,Winstmaximalisatie bij volkomen concurrentie,27,3.2.2,split,candidate_review_ready,books/book-3/chapters/3.2/3.2.3 manuscript.md,4f996125495f484a98510183889528c9057f4af4063a935464a2e21b2a384fb6,designed_not_classroom_measured
3.2.4,Gemengde opgaven: de prijsnemende onderneming,35,3.2.4,retain;revise_scope,candidate_review_ready,books/book-3/chapters/3.2/3.2.4 manuscript.md,75b1981cc06c32fdd9e97550d26e617dca853d7c52436a619dd89f4a182f6add,designed_not_classroom_measured
3.3.1,Waarom landen handelen: specialisatie en concurrentiepositie,7,3.3.1,retain,candidate_review_ready,books/book-3/chapters/3.3/3.3.1 manuscript.md,75d28e5613db71027531f7970aff86193843ccb0fc319e6e93d670c8e00377ab,designed_not_classroom_measured
3.3.2,"Wereldmarktprijs, import, export en welvaart",17,3.3.2,retain,candidate_review_ready,books/book-3/chapters/3.3/3.3.2 manuscript.md,f7fe93d89d43f7848b9b4dbfeedaa2914f17fa4f3efd96d817439015f2e42584,designed_not_classroom_measured
3.3.3,Protectionisme: invoerheffingen en importquota,27,3.3.3,retain,candidate_review_ready,books/book-3/chapters/3.3/3.3.3 manuscript.md,aab114605532cc25d16d6744d82597f7440c31c62a5e07f1a5e52a371e152b8b,designed_not_classroom_measured
3.3.4,Gemengde opgaven: internationale handel,35,3.3.4,retain;repair_retrieval,candidate_review_ready,books/book-3/chapters/3.3/3.3.4 manuscript.md,a76b0542358670430b8b405e9394284da69ba910aad8aba9b6df5bb857ab100a,designed_not_classroom_measured
4.1.1,"Toetreding, uittreding en langetermijnevenwicht",7,3.2.3,move_across_book,candidate_review_ready,books/book-4/chapters/4.1/4.1.1 manuscript.md,a38ec5f8dc9ecf621561f8b0ca86c7c0f58bba4727e394124a6b8c9438f0c09c,designed_not_classroom_measured
4.1.2,Monopolie: kenmerken,18,4.1.1,renumber,candidate_review_ready,books/book-4/chapters/4.1/4.1.2 manuscript.md,e3bac415c8974accb62ad54a033bbcd4e679de83eefe7ae4ae4f3b7ce88bff5e,designed_not_classroom_measured
4.1.3,Marginale opbrengst bij monopolie,28,4.1.2,renumber,candidate_review_ready,books/book-4/chapters/4.1/4.1.3 manuscript.md,4941b8086c313d78250ed9eb2b2b5544759d5dfd8c00e4faf12f207d6751a3f4,designed_not_classroom_measured
4.1.4,Winstmaximalisatie bij monopolie,38,4.1.3,renumber,candidate_review_ready,books/book-4/chapters/4.1/4.1.4 manuscript.md,af21b45a410f727ac29e384d8e86ee99f0ff4ab47be5ddfed77442efcd9ae211,designed_not_classroom_measured
4.1.5,Gemengde opgaven: concurrentie en monopolie,45,4.1.4,renumber,candidate_review_ready,books/book-4/chapters/4.1/4.1.5 manuscript.md,941b2f782eed64bcbe2d15c355a48b64b74e9bfb7c71ad8c2f68827d42136b08,designed_not_classroom_measured
4.2.1,Welvaartseffecten van monopolie,7,4.2.1,retain,candidate_review_ready,books/book-4/chapters/4.2/4.2.1 manuscript.md,47cb5740def371fcac2b667533a523902e33ab5e9010d3daa3f019dc00e6f0fe,designed_not_classroom_measured
4.2.2,Prijsdiscriminatie,16,4.2.2,retain,candidate_review_ready,books/book-4/chapters/4.2/4.2.2 manuscript.md,1d53deea710942b70163ff9c2514953adae4f51aa3c82eb7873562cd25351650,designed_not_classroom_measured
4.2.3,Marktvormen vergelijken,25,4.2.3,retain,candidate_review_ready,books/book-4/chapters/4.2/4.2.3 manuscript.md,262057370bda04c200f798063091379b614f692358d471c7da5e444dc3b0b784,designed_not_classroom_measured
4.2.4,Negatieve externe effecten,34,4.2.4,retain,candidate_review_ready,books/book-4/chapters/4.2/4.2.4 manuscript.md,ca62bace59e3aaab2105cba5456c344c00731e6ae428bfd3e7baf02341ec2796,open_existing_timing_conflict
4.2.5,Positieve externe effecten,43,4.2.5,retain,candidate_review_ready,books/book-4/chapters/4.2/4.2.5 manuscript.md,603525d0338ec34eda1d82398485123c51a02e88c1d84b784cf85e21a6b349f4,open_existing_timing_conflict
4.2.6,Overheidsingrijpen bij marktfalen,52,4.2.6,retain,candidate_review_ready,books/book-4/chapters/4.2/4.2.6 manuscript.md,31e1deee6f0e2e3981a4c988c014c20174b1427efe3a74297fd7249ea72defce,designed_not_classroom_measured
4.2.7,Gemengde opgaven: marktvormen en marktfalen,58,4.2.7,retain,candidate_review_ready,books/book-4/chapters/4.2/4.2.7 manuscript.md,e6e04d102e211293072615b3a2bb470878e0bb69ba45ebf852de331f645f7c21,designed_not_classroom_measured
4.3.1,Arbeidsvraag en arbeidsproductiviteit,7,4.3.1,retain,candidate_review_ready,books/book-4/chapters/4.3/4.3.1 manuscript.md,e952d70b517726e8582061fabd05088e949ae87ece7525451f9bb6f75971accc,designed_not_classroom_measured
4.3.2,"Arbeidsaanbod, participatie en evenwicht",16,4.3.2,retain,candidate_review_ready,books/book-4/chapters/4.3/4.3.2 manuscript.md,67fafb4a743798a9f8bd0f41125a240f47a45475ac0ff04820b182cf1d30182d,designed_not_classroom_measured
4.3.3,Werkloosheid en veranderingen op de arbeidsmarkt,25,4.3.3,retain,candidate_review_ready,books/book-4/chapters/4.3/4.3.3 manuscript.md,0792cca40a0f31014b8be24d61b4d842ea49b0164f9a4e54afe6b4a96782ca0b,designed_not_classroom_measured
4.3.4,Minimumloon,34,4.3.4,retain,candidate_review_ready,books/book-4/chapters/4.3/4.3.4 manuscript.md,1ba18ca6308b0c4fdc4895b3dbe3ce1a90ccecad4ceb8c5f4c673515be8efed2,designed_not_classroom_measured
4.3.5,Gemengde opgaven: arbeidsmarkt,40,4.3.6,renumber;revise_scope,candidate_review_ready,books/book-4/chapters/4.3/4.3.5 manuscript.md,0d9d7d956efd45a545a9dc05e6a68e102ba920d064399b984ead734b3475a075,designed_not_classroom_measured
